{"cameraMode":{"drawMode":0,"name":"Shaded","section":"Shading Mode"},"sceneLighting":true,"audioPlay":false,"sceneViewState":{"m_AlwaysRefresh":false,"showFog":true,"showSkybox":true,"showFlares":true,"showImageEffects":true,"showParticleSystems":true,"showVisualEffectGraphs":true,"m_FxEnabled":true},"in2DMode":false,"pivot":{"x":-60.63078308105469,"y":5.867715358734131,"z":-27.28290367126465},"rotation":{"x":0.24730537831783296,"y":-0.002906696405261755,"z":0.0007430151454173029,"w":0.9689365029335022},"size":844.0020141601563,"orthographic":false}