{"cameraMode":{"drawMode":0,"name":"Shaded","section":"Shading Mode"},"sceneLighting":true,"audioPlay":false,"sceneViewState":{"m_AlwaysRefresh":false,"showFog":true,"showSkybox":true,"showFlares":true,"showImageEffects":true,"showParticleSystems":true,"showVisualEffectGraphs":true,"m_FxEnabled":true},"in2DMode":false,"pivot":{"x":897.7332153320313,"y":626.3038330078125,"z":-117.0645751953125},"rotation":{"x":0.13992546498775483,"y":-0.013366805389523507,"z":0.0018901954172179103,"w":0.990073025226593},"size":323.5572204589844,"orthographic":false}